{
    "spider": "http://127.0.0.1:9978/file/BXSTVBOX/BXS.jar",
    "wallpaper": "http://127.0.0.1:9978/file/BXSTVBOX/BXS.webp",
    "logo": "http://127.0.0.1:9978/file/BXSTVBOX/BXS.gif",
    "warningText": "📢📢📢公众号〡影视百晓生提醒您！该接口来源于潇洒大佬，仅用于学习使用！请在体验后24小时内删除！",
    "sites": [
        {
            "key": "88看球",
            "name": "🏀88｜看球",
            "type": 3,
            "api": "csp_Kanqiu",
            "gridview": 3,
            "style": {
                "type": "list"
            }
        },
        {
            "key": "310直播",
            "name": "📡310｜直播",
            "type": 3,
            "api": "./js/drpy2.min.js",
            "style": {
                "type": "list"
            },
            "ext": "./js/310直播.js"
        },
        {
            "key": "360吧",
            "name": "📺360｜直播",
            "type": 3,
            "api": "./js/drpy2.min.js",
            "style": {
                "type": "list"
            },
            "ext": "./js/360吧.js"
        },
        {
            "key": "push_agent",
            "name": "📱手机｜推送",
            "type": 3,
            "api": "csp_Push",
            "searchable": 0,
            "filterable": 0,
            "changeable": 0
        }
    ],
    "doh": [
        {
            "name": "Google",
            "url": "https://dns.google/dns-query",
            "ips": [
                "8.8.4.4",
                "8.8.8.8"
            ]
        },
        {
            "name": "Cloudflare",
            "url": "https://cloudflare-dns.com/dns-query",
            "ips": [
                "1.1.1.1",
                "1.0.0.1",
                "2606:4700:4700::1111",
                "2606:4700:4700::1001"
            ]
        },
        {
            "name": "AdGuard",
            "url": "https://dns.adguard.com/dns-query",
            "ips": [
                "94.140.14.140",
                "94.140.14.141"
            ]
        },
        {
            "name": "DNSWatch",
            "url": "https://resolver2.dns.watch/dns-query",
            "ips": [
                "84.200.69.80",
                "84.200.70.40"
            ]
        },
        {
            "name": "Quad9",
            "url": "https://dns.quad9.net/dns-quer",
            "ips": [
                "9.9.9.9",
                "149.112.112.112"
            ]
        }
    ],
    "lives": [
        {
            "name": "🤖AI直播｜智能推荐",
            "type": 0,
            "url": "https://github.3x25.com/https://raw.githubusercontent.com/PizazzGY/TV/master/output/user_result.txt",
            "epg": "http://cdn.1678520.xyz/epg/?ch={name}&date={date}",
            "playerType": 1,
            "timeout": 10
        },
        {
            "name": "🛰️Guovin｜卫星直播",
            "type": 0,
            "url": "https://gitee.com/mytv-android/iptv-api/raw/master/output/result.m3u",
            "epg": "http://cdn.1678520.xyz/epg/?ch={name}&date={date}",
            "timeout": 10
        },
        {
            "name": "📡电视｜实时直播",
            "type": 0,
            "url": "https://tv.iill.top/m3u/Gather",
            "playerType": 2,
            "timeout": 10
        },
        {
            "name": "🌐网络｜在线直播",
            "type": 0,
            "url": "https://tv.iill.top/m3u/Live",
            "playerType": 2,
            "timeout": 10
        },
        {
            "name": "🎤范明明｜个人直播",
            "type": 0,
            "url": "https://live.fanmingming.cn/tv/m3u/ipv6.m3u",
            "timeout": 10
        },
        {
            "name": "📱APTV｜移动直播",
            "type": 0,
            "url": "https://github.3x25.com/https://github.com/Kimentanm/aptv/raw/master/m3u/iptv.m3u",
            "epg": "http://epg.51zmt.top:8000/api/diyp/?ch={name}&date={date}",
            "logo": "https://epg.iill.top/logo/{name}.png",
            "ua": "okhttp/3.15,AptvPlayer/1.4.0",
            "timeout": 10
        }
    ],
    "hosts": [
        "cache.ott.*.itv.cmvideo.cn=base-v4-free-mghy.e.cdn.chinamobile.com",
        "cache.ott.ystenlive.itv.cmvideo.cn=base-v4-free-mghy.e.cdn.chinamobile.com",
        "cache.ott.bestlive.itv.cmvideo.cn=base-v4-free-mghy.e.cdn.chinamobile.com",
        "cache.ott.wasulive.itv.cmvideo.cn=base-v4-free-mghy.e.cdn.chinamobile.com",
        "cache.ott.fifalive.itv.cmvideo.cn=base-v4-free-mghy.e.cdn.chinamobile.com",
        "cache.ott.hnbblive.itv.cmvideo.cn=base-v4-free-mghy.e.cdn.chinamobile.com"
    ],
    "ijk": [
        {
            "group": "软解码",
            "options": [
                {
                    "category": 4,
                    "name": "opensles",
                    "value": "0"
                },
                {
                    "category": 4,
                    "name": "overlay-format",
                    "value": "842225234"
                },
                {
                    "category": 4,
                    "name": "framedrop",
                    "value": "1"
                },
                {
                    "category": 4,
                    "name": "soundtouch",
                    "value": "1"
                },
                {
                    "category": 4,
                    "name": "start-on-prepared",
                    "value": "1"
                },
                {
                    "category": 1,
                    "name": "http-detect-range-support",
                    "value": "0"
                },
                {
                    "category": 1,
                    "name": "fflags",
                    "value": "fastseek"
                },
                {
                    "category": 2,
                    "name": "skip_loop_filter",
                    "value": "48"
                },
                {
                    "category": 4,
                    "name": "reconnect",
                    "value": "1"
                },
                {
                    "category": 4,
                    "name": "enable-accurate-seek",
                    "value": "0"
                },
                {
                    "category": 4,
                    "name": "mediacodec",
                    "value": "0"
                },
                {
                    "category": 4,
                    "name": "mediacodec-auto-rotate",
                    "value": "0"
                },
                {
                    "category": 4,
                    "name": "mediacodec-handle-resolution-change",
                    "value": "0"
                },
                {
                    "category": 4,
                    "name": "mediacodec-hevc",
                    "value": "0"
                },
                {
                    "category": 1,
                    "name": "dns_cache_timeout",
                    "value": "600000000"
                }
            ]
        },
        {
            "group": "硬解码",
            "options": [
                {
                    "category": 4,
                    "name": "opensles",
                    "value": "0"
                },
                {
                    "category": 4,
                    "name": "overlay-format",
                    "value": "842225234"
                },
                {
                    "category": 4,
                    "name": "framedrop",
                    "value": "1"
                },
                {
                    "category": 4,
                    "name": "soundtouch",
                    "value": "1"
                },
                {
                    "category": 4,
                    "name": "start-on-prepared",
                    "value": "1"
                },
                {
                    "category": 1,
                    "name": "http-detect-range-support",
                    "value": "0"
                },
                {
                    "category": 1,
                    "name": "fflags",
                    "value": "fastseek"
                },
                {
                    "category": 2,
                    "name": "skip_loop_filter",
                    "value": "48"
                },
                {
                    "category": 4,
                    "name": "reconnect",
                    "value": "1"
                },
                {
                    "category": 4,
                    "name": "enable-accurate-seek",
                    "value": "0"
                },
                {
                    "category": 4,
                    "name": "mediacodec",
                    "value": "1"
                },
                {
                    "category": 4,
                    "name": "mediacodec-auto-rotate",
                    "value": "1"
                },
                {
                    "category": 4,
                    "name": "mediacodec-handle-resolution-change",
                    "value": "1"
                },
                {
                    "category": 4,
                    "name": "mediacodec-hevc",
                    "value": "1"
                },
                {
                    "category": 1,
                    "name": "dns_cache_timeout",
                    "value": "600000000"
                }
            ]
        }
    ]
}